"path","label"
"/admin/admin/backup","Backup Restore"
"/admin/admin/changepass","Password"
"/admin/admin/dashboard",""
"/admin/admin/filetype","File Types"
"/admin/admission/admission_dashboard","Dashboard"
"/admin/admission/cutofflist","Cutoff Setup"
"/admin/admission/generatemeritlist","Generate Merit List"
"/admin/admission/importapplication","Import Applicants"
"/admin/admission/manageadmission","Manage Admission"
"/admin/admission/report","Admission Report"
"/admin/admission/selection_status_report","Selection Status Report"
"/admin/admission/summary_report","Summarized Report"
"/admin/admission_transfer_cancellation/transfer_cancellation_list","Transfer & Cancellation"
"/admin/admitcard","Design Admit Card"
"/admin/alumni/alumnilist","Manage Alumni"
"/admin/alumni/events","Events"
"/admin/approve_leave","Approve Leave"
"/admin/assign_mentor","Assign Mentor"
"/admin/assign_mentor/ojt_approval_list","OJT / SIP Approval List"
"/admin/assign_mentor/ojt_details","OJT Details"
"/admin/assign_mentor/project_approval_list","Project Approval List"
"/admin/assign_mentor/project_chapter_list","Project Chapter List"
"/admin/assign_variable_fees","Assign Variable Fees"
"/admin/atkt_form/admissionsetting","ATKT/Regular Exam Form"
"/admin/atkt_form/atkt_form_report","ATKT Form"
"/admin/atkt_form/atkt_form_student","ATKT Form"
"/admin/atkt_form/edit_atkt_form_student","Edit ATKT Form"
"/admin/attributes/index","Manage Attributes"
"/admin/audit","Audit Trail Report"
"/admin/batch_settings","Batch Setting"
"/admin/book/getall","Book List"
"/admin/calendar/events","View All"
"/admin/canteen/assign_menu","Assign Menu"
"/admin/canteen/canteen_auditor","Canteen Auditor"
"/admin/canteen/create_coupon","Create Coupon"
"/admin/canteen/getall_breaktype","Menu Type Master"
"/admin/canteen/getall_canteen","Canteen Master"
"/admin/canteen/getall_foodItem","Food Item Master"
"/admin/canteen/menu_list","Menu List"
"/admin/captcha","Captcha Setting"
"/admin/certificate","Student Certificate"
"/admin/certificate_report","Certificate Report"
"/admin/chat",""
"/admin/classroom/classroom_allotment","Classroom Allotment"
"/admin/classroom/classroom_setup","Classroom Setup"
"/admin/complaint","Complaint"
"/admin/conference","Setting"
"/admin/conference/class_report","Live Class Report"
"/admin/conference/meeting","Live Meeting"
"/admin/conference/meeting_report","Live Meeting Report"
"/admin/conference/timetable","Live Classes"
"/admin/content/list","Content Share List"
"/admin/content/upload","Upload /Share Content"
"/admin/contenttype","Content Type"
"/admin/copo/co_po_mapping","CO-PO Mapping"
"/admin/copo/course_outcomes","Course Outcomes"
"/admin/copo/indirect_po_mapping","Indirect PO Mapping"
"/admin/copo/lesson","Create Lesson"
"/admin/copo/plan","Plan"
"/admin/copo/program_outcomes","Program Outcomes"
"/admin/copo/tlp_approve_list","TLP Approve List"
"/admin/currency","Currency"
"/admin/customfield","Custom Fields"
"/admin/dashboard","Dashboard"
"/admin/department/department","Department"
"/admin/designation/designation","Designation"
"/admin/disable_reason","Disable Reason"
"/admin/dispatch","Postal Dispatch"
"/admin/enquiry","Admission Enquiry"
"/admin/exam_schedule","Exam Schedule"
"/admin/examgroup","Exam Group"
"/admin/examgroup/displaymarksexamsubjwise","Mark Entry Multi Subjectwise"
"/admin/examgroup/exam_form","Exam Form"
"/admin/examgroup/exam_remuneration_bill","Exam Remuneration Bill"
"/admin/examgroup/exam_type","Exam Type"
"/admin/examgroup/markEntrySingleSubject","Mark Entry Single Subject"
"/admin/examgroup/markEntrySubjectwise","Mark Entry Subjectwise"
"/admin/examgroup/remuneration_hoursetup","Remuneration Hour Setup"
"/admin/examgroup/remuneration_setup","Remuneration Setup"
"/admin/examgroup/revaluation_form","Revaluation Form"
"/admin/exammarksheet","Design Marksheet Format"
"/admin/exammarksheet/marksheet","Print Marksheet Format"
"/admin/examresult","Exam Result"
"/admin/examresult/admitcard","Print Admit Card"
"/admin/examresult/backlog","Backlog"
"/admin/examresult/exam_result_block_unblock","Result Block/Unblock"
"/admin/examresult/examinations","Examinations"
"/admin/examresult/marksheet","Print Marksheet"
"/admin/expense","Add Expense"
"/admin/expense/expensesearch","Search Expense"
"/admin/expensehead","Expense Head"
"/admin/fee_receipt_import","Fee Receipt Import"
"/admin/feediscount","Fees Discount"
"/admin/feegroup","Fees Group"
"/admin/feemaster","Fees Master"
"/admin/feemastercoursewise","Assign Fee Master"
"/admin/feereminder/setting","Fees Reminder"
"/admin/fees_installment","Fees Installment"
"/admin/fees_type_group","Fees Type Group"
"/admin/feesforward","Fees Carry Forward"
"/admin/feetype","Fees Type"
"/admin/fine_rules","Fees Fine Rules"
"/admin/flowmaster/add_event","Add Activity"
"/admin/flowmaster/event_list","Activity List"
"/admin/front/banner","Banner Images"
"/admin/front/events","Event"
"/admin/front/gallery","Gallery"
"/admin/front/media","Media Manager"
"/admin/front/menus","Menus"
"/admin/front/notice","News"
"/admin/front/page","Pages"
"/admin/frontcms","Front CMS Setting"
"/admin/generalcall","Phone Call Log"
"/admin/generatecertificate","Generate Certificate"
"/admin/generateidcard/search","Generate ID Card"
"/admin/generatestaffidcard","Generate Staff ID Card"
"/admin/gmeet/class_report","Live Class Report"
"/admin/gmeet/index","Setting"
"/admin/gmeet/meeting","Live Meeting"
"/admin/gmeet/meeting_report","Live Meeting Report"
"/admin/gmeet/timetable","Live Classes"
"/admin/grade","Marks Grade"
"/admin/grade/relative_Grade","Relative Grade"
"/admin/holiday/set_working_days","Set Working Days"
"/admin/holiday/staff_week_off","Set Staff Week Off"
"/admin/hostel","Add Hostel"
"/admin/hostel/assign_room","Assign Room"
"/admin/hostel/change_room","Change Room"
"/admin/hostel/gatepass_list","Gatepass List"
"/admin/hostel/scan_qrcode","Scan qrcode"
"/admin/hostel/vacancy_status","Vacancy Status"
"/admin/hostelroom","Hostel Rooms"
"/admin/hostelroom/studenthosteldetails","Hostel"
"/admin/hr_recruitment","Recruitment"
"/admin/income","Add Income"
"/admin/income/incomesearch","Search Income"
"/admin/incomehead","Income Head"
"/admin/inward/inward_list","Inward"
"/admin/issueitem","Issue Item"
"/admin/item","Add Item"
"/admin/itemcategory","Item Category"
"/admin/itemstock","Add Item Stock"
"/admin/itemstore","Item Store"
"/admin/itemsupplier","Item Supplier"
"/admin/language","Languages"
"/admin/leave_batch_years","Staff Leave Batches"
"/admin/leaverequest/leaverequest","Approve Leave Request 3"
"/admin/leavetypes","Leave Type"
"/admin/lessonplan/copylesson","Copy Old Lessons"
"/admin/lessonplan/instruction_plan","Instruction Plan"
"/admin/lessonplan/lesson","Create Lesson"
"/admin/lessonplan/topic","Topic"
"/admin/liberal_art/admissionsetting","Other Course Form"
"/admin/liberal_art/liberal_art_report","Other Course Form"
"/admin/liberal_art/liberal_art_student","Other Course Form"
"/admin/mailsms/compose","Send Email"
"/admin/mailsms/compose_sms","Send SMS"
"/admin/mailsms/email_template","Email Template"
"/admin/mailsms/index","Email / SMS Log"
"/admin/mailsms/schedule","Schedule Email SMS Log"
"/admin/mailsms/sms_template","SMS Template"
"/admin/marksdivision","Marks Division"
"/admin/marksheet","Design Marksheet"
"/admin/member","Issue - Return"
"/admin/member/student","Add Student"
"/admin/member/teacher","Add Staff Member"
"/admin/module","Modules"
"/admin/multibranch/branch","Setting"
"/admin/multibranch/branch/overview","Overview"
"/admin/multibranch/finance/index","Report"
"/admin/naac/events","View All"
"/admin/naac/index","Task Master"
"/admin/naac/naac_dashboard","NAAC Dashborad"
"/admin/naac/naac_report","NAAC"
"/admin/naac/naac_report_master","NAAC Report"
"/admin/naac/student_feedback_list","Student Feedback Form"
"/admin/naac/student_rating_form","Student Rating Form"
"/admin/naac/task_allocation","Task Allocation"
"/admin/notification","Assignment Submission"
"/admin/notification/setting","Notification Setting"
"/admin/offlinepayment","Offline Bank Payments"
"/admin/onlineadmission/admissionsetting","Online Admission Setting"
"/admin/onlineexam","Online Exam"
"/admin/onlineexam/report","Online Examinations"
"/admin/onlineinternatinaladmission/admissionsetting","International Application"
"/admin/onlinestudent","Online Application"
"/admin/others_fees_verification","Verify Others Fees"
"/admin/outward/outward_list","Outward"
"/admin/paper_creation","Questions Paper Creation"
"/admin/paper_creation/assign_paper_creation","Assign Staff"
"/admin/paper_creation/que_paper_approval_list","Questions Paper Approve List"
"/admin/papersetting","Paper Setting"
"/admin/paymentcategory","Payment Category"
"/admin/paymentcategory/assignPaymentCategory","Assign Payment Category"
"/admin/paymentcategory/collegeotherfees","College Other Fees"
"/admin/paymentcategory/multimerchant","Multi Merchant"
"/admin/paymentsettings","Payment Methods"
"/admin/payroll","Payroll"
"/admin/pickuppoint","Pickup Point"
"/admin/pickuppoint/assign","Route Pickup Point"
"/admin/pickuppoint/student_fees","Student Transport Fees"
"/admin/print_headerfooter","Print Header Footer"
"/admin/question","Question Bank"
"/admin/receive","Postal Receive"
"/admin/requisitions","Student Support Topics"
"/admin/requisitions/load_requisition_list","Student Support List"
"/admin/result_remark","Result Remark"
"/admin/resume/download","Download CV"
"/admin/resume/index","Build CV"
"/admin/revaluation_form/revaluationformsetting","Revaluation Form"
"/admin/roles","Roles Permissions"
"/admin/roomtype","Room Type"
"/admin/route","Routes"
"/admin/route/studenttransportdetails","Transport"
"/admin/schoolhouse","Student House"
"/admin/sidemenu","Sidebar Menu"
"/admin/staff","Staff Directory"
"/admin/staff/disablestafflist","Disabled Staff"
"/admin/staff/leaverequest","Apply Leave"
"/admin/staff/profile/395","Profile"
"/admin/staff/rating","Teachers Rating"
"/admin/staff/staff_bulk_update","Bulk Update"
"/admin/staff_certificate","Staff Certificate"
"/admin/staff_certificate/staff_generate_certificate","Generate Certificate"
"/admin/staff_leave_assign","Leave Approval Setup"
"/admin/staffattendance","Staff Attendance"
"/admin/staffidcard","Staff ID Card"
"/admin/staffpayroll/add_element","Add Pay Element"
"/admin/staffpayroll/add_income_tax_element","Add Income Tax Element"
"/admin/staffpayroll/generate_income_tax","Generate Income Tax"
"/admin/staffpayroll/manage_staff_payroll","Manage Staff Payroll"
"/admin/staffpayroll/select_pay_element","Select Pay Element"
"/admin/staffpayroll/setup_tax_slab","Setup Tax Slab"
"/admin/staffpayroll/staff_payroll","Generate Staff Payroll"
"/admin/staffpayroll/visiting_staff_payroll","Visiting Staff Payroll"
"/admin/stdtransfer","Promote Students"
"/admin/stuattendence","Student Attendance"
"/admin/stuattendence/attendencereport","Attendance By Date"
"/admin/student_log_update","Student Log Update"
"/admin/studentidcard","Student ID Card"
"/admin/subject","Subjects"
"/admin/subjectattendence/index","Period Attendance"
"/admin/subjectattendence/reportbydate","Period Attendance By Date"
"/admin/subjectgroup","Semester"
"/admin/syllabus","Manage Lesson Plan"
"/admin/syllabus/status","Manage Syllabus Status"
"/admin/systemfield","System Fields"
"/admin/teacher/assign_class_teacher","Assign Class Teacher"
"/admin/teacher/assign_subject_teacher","Assign Subject Teacher"
"/admin/teachers_research/","Teachers Research"
"/admin/timetable/classreport","Class Timetable"
"/admin/timetable/mytimetable","Teachers Timetable"
"/admin/tnp","Training & Placements List"
"/admin/tnp/tnp_company_list","Placements Company List"
"/admin/transport/feemaster","Transpot Fee Master"
"/admin/updater","System Update"
"/admin/userlog","User Log"
"/admin/userlog/paymentLog","Payment Log"
"/admin/users","Users"
"/admin/vehicle","Vehicles"
"/admin/vehroute","Assign Vehicle"
"/admin/video_tutorial","Video Tutorial"
"/admin/visitors","Visitor Book"
"/admin/visitorspurpose","Setup Front Office"
"/attendencereports/attendance","Attendance"
"/category","Student Categories"
"/classes","Class"
"/course_master","Program"
"/department","Department"
"/emailconfig","Email Setting"
"/feedback/assign_feedback_form","Assign Form"
"/feedback/feedback_formname_master","Add Form"
"/feedback/fill_feedback_form","Fill Feedback Form"
"/feedback/index","Field Master"
"/feedback/showview_feedback_form","Feedback Form"
"/feedback/submitted_forms","Submitted Form"
"/feedbackreport/index","Feedback"
"/financereports/finance","Finance"
"/homework","Add Assignment"
"/homework/dailyassignment","Daily Assignment"
"/homework/evaluation_report","Assignment Report"
"/homework/homeworkordailyassignmentreport","Assignment"
"/onlinecourse/course/index","Online Course"
"/onlinecourse/course/setting","Setting"
"/onlinecourse/coursecategory/categoryadd","Course Category"
"/onlinecourse/courseexamquestion/index","Question Bank"
"/onlinecourse/coursereport/report","Online Course Report"
"/onlinecourse/offlinepayment/payment","Offline Payment"
"/outcome_basis_education/index","Outcome Basis Education"
"/Programintake","Program Intake"
"/railway_concession/index","Railway Concession"
"/report/alumnireport","Alumni"
"/report/flowmaster_report","Activity Management"
"/report/human_resource","Human Resource"
"/report/inventory","Inventory"
"/report/inward_report","Inward"
"/report/lesson_plan","Lesson Plan"
"/report/library","Library"
"/report/outward_report","Outward"
"/report/railway_concession_report","Railway Concession Report"
"/report/setFrontOfficeReport","Front Office"
"/report/studentinformation","Student Information"
"/report/teacherachievement_report","Teacher Achievement"
"/report/teacheraward_report","Teacher's Research Publication & Awards"
"/roombooking/roombook","Booking System"
"/roombooking/roombook/roombookrequest","Booking System Request"
"/roombooking/roombook/roombookrequestlist","Booking Request List"
"/schsettings","General Setting"
"/seating_arrangement/assign_block","Assign Block"
"/seating_arrangement/index","Subject Details"
"/seating_arrangement/report","Report"
"/sections","Sections"
"/sectionwise_specialization","Specialization"
"/sectionwise_specialization/assign_program","Assign Major/Minor"
"/sessions","Session Setting"
"/site/logout","Logout"
"/smsconfig","SMS Setting"
"/staffpayrollreports/staff_payroll","Staff Payroll"
"/stdscholarship","Scholarship"
"/student/approve_optional_course","Approve Optional Subject"
"/student/assign_optional_course","Assign Optional Subject"
"/student/assign_seat_number","Assign Seat Number"
"/student/bulkdelete","Bulk Delete"
"/student/bulkmail","Login Credentials Send"
"/student/bulkupdate","Bulk Update"
"/student/create","Student Admission"
"/student/disablestudentslist","Disabled Students"
"/student/generaterollnumber","Generate Roll Number"
"/student/multiclass","Multi Class Student"
"/student/profilesetting","Student Profile Update"
"/student/search","Student 168"
"/student/semester_allocation","Semester Allocation"
"/student/student_bulk_upload","Student Bulk Upload"
"/student/student_dashboard","Student Dashboard"
"/student/upload_student_documents","Upload Student Documents"
"/student/upload_student_photo","Upload Student Photo"
"/studentfee","Collect Fees"
"/studentfee/fee_summary_dashboard","Fee Summary Dashboard"
"/studentfee/feereceipt","Fee Receipt List"
"/studentfee/feesearch","Search Due Fees"
"/studentfee/searchpayment","Search Fees Payment"
"/teacherlog","Task Management"
